"abatteur";1
"abatteuse";0
"abbé";1
"abbesse";0
"abouteur";1
"abouteuse";0
"académicien";1
"académicienne";0
"accompagnateur";1
"accompagnatrice";0
"accordeur";1
"accordeuse";0
"accoupleur";1
"accoupleuse";0
"accouveur";1
"accouveuse";0
"accrocheur";1
"accrocheuse";0
"achemineur";1
"achemineuse";0
"acheteur";1
"acheteuse";0
"acousticien";1
"acousticienne";0
"acquéreur";1
"acquéreuse";0
"acteur";1
"actrice";0
"acuponcteur";1
"acuponctrice";0
"acupuncteur";1
"acupunctrice";0
"adaptateur";1
"adaptatrice";0
"adjoint";1
"adjointe";0
"adjudant";1
"adjudante";0
"administrateur";1
"administratrice";0
"aérodynamicien";1
"aérodynamicienne";0
"aérostier";1
"aérostière";0
"afficheur";1
"afficheuse";0
"affileur";1
"affileuse";0
"affineur";1
"affineuse";0
"affouilleur";1
"affouilleuse";0
"affranchisseur";1
"affranchisseuse";0
"affréteur";1
"affréteuse";0
"affuteur";1
"affuteuse";0
"agencier";1
"agencière";0
"agente";0
"agrafeur";1
"agrafeuse";0
"agrandisseur";1
"agrandisseuse";0
"agréé";1
"agréée";0
"agréeur";1
"agréeuse";0
"agrégé";1
"agrégée";0
"agriculteur";1
"agricultrice";0
"agrotechnicien";1
"agrotechnicienne";0
"aiguilleteur";1
"aiguilleteuse";0
"aiguilleur";1
"aiguilleuse";0
"aiguiseur";1
"aiguiseuse";0
"ajusteur";1
"ajusteuse";0
"aléseur";1
"aléseuse";0
"alevineur";1
"alevineuse";0
"algoculteur";1
"algocultrice";0
"alimentateur";1
"alimentatrice";0
"alsineur";1
"alsineuse";0
"amareyeur";1
"amareyeuse";0
"amateur";1
"amatrice";0
"ambassadeur";1
"ambassadrice";0
"ambulancier";1
"ambulancière";0
"aménageur";1
"aménageuse";0
"amiral";1
"amirale";0
"amuseur";1
"amuseuse";0
"animalier";1
"animalière";0
"animateur";1
"animatrice";0
"annonceur";1
"annonceuse";0
"anodiseur";1
"anodiseuse";0
"anseur";1
"anseuse";0
"apiculteur";1
"apicultrice";0
"apiéceur";1
"apiéceuse";0
"appareilleur";1
"appareilleuse";0
"appariteur";1
"apparitrice";0
"appelante";0
"appéreur";1
"appéreuse";0
"applicateur";1
"applicatrice";0
"apprenti";1
"apprentie";0
"apprêteur";1
"apprêteuse";0
"approvisionneur";1
"approvisionneuse";0
"aquaculteur";1
"aquacultrice";0
"arboriculteur";1
"arboricultrice";0
"archéomagnéticien";1
"archéomagnéticienne";0
"archetier";1
"archetière";0
"argenteur";1
"argenteuse";0
"argentier";1
"argentière";0
"armateur";1
"armatrice";0
"armurier";1
"armurière";0
"aromaticien";1
"aromaticienne";0
"arpenteur";1
"arpenteuse";0
"arrangeur";1
"arrangeuse";0
"arrimeur";1
"arrimeuse";0
"arrondisseur";1
"arrondisseuse";0
"arroseur";1
"arroseuse";0
"artificier";1
"artificière";0
"artisan";1
"artisane";0
"asphalteur";1
"asphalteuse";0
"aspigiculteur";1
"aspigicultrice";0
"aspirant";1
"aspirante";0
"assainisseur";1
"assainisseuse";0
"assembleur";1
"assembleuse";0
"assesseur";1
"assesseure";0
"assistant";1
"assistante";0
"associé";1
"associée";0
"assortisseur";1
"assortisseuse";0
"assureur";1
"assureuse";0
"astaciculteur";1
"astacicultrice";0
"astrophysicien";1
"astrophysicienne";0
"atomicien";1
"atomicienne";0
"atrier";1
"atrière";0
"attaché";1
"attachée";0
"attacheur";1
"attacheuse";0
"audio-vidéotechnicien";1
"audio-vidéotechnicienne";0
"auditeur";1
"auditrice";0
"augustine";0
"aumônier";1
"aumônière";0
"auteur";1
"auteure";0
"automaticien";1
"automaticienne";0
"automatiseur";1
"automatiseuse";0
"autorisateur";1
"autorisatrice";0
"aviateur";1
"aviatrice";0
"aviculteur";1
"avicultrice";0
"avionneur";1
"avionneuse";0
"avitailleur";1
"avitailleuse";0
"aviveur";1
"aviveuse";0
"avocat";1
"avocate";0
"avoué";1
"avouée";0
"baigneur";1
"baigneuse";0
"balancier";1
"balancière";0
"balayeur";1
"balayeuse";0
"balisticien";1
"balisticienne";0
"bancbrocheur";1
"bancbrocheuse";0
"bancheur";1
"bancheuse";0
"banquier";1
"banquière";0
"barbotteur";1
"barbotteuse";0
"bardeautier";1
"bardeautière";0
"bardeur";1
"bardeuse";0
"barmaid";0
"barman";1
"baron";1
"baronne";0
"barreur";1
"barreuse";0
"basculeur";1
"basculeuse";0
"basketteur";1
"basketteuse";0
"bateleur";1
"bateleuse";0
"batelier";1
"batelière";0
"bâtonnier";1
"bâtonnière";0
"batteur";1
"batteuse";0
"bénédictin";1
"bénédictine";0
"benjamine";0
"bennier";1
"bennière";0
"bergère";0
"bernardin";1
"bernardine";0
"bétonneur";1
"bétonneuse";0
"bétonnier";1
"bétonnière";0
"betteravier";1
"betteravière";0
"beurrier";1
"beurrière";0
"bibliotechnicien";1
"bibliotechnicienne";0
"bichonneur";1
"bichonneuse";0
"bijoutier";1
"bijoutière";0
"biseauteur";1
"biseauteuse";0
"bitumeur";1
"bitumeuse";0
"blanchisseur";1
"blanchisseuse";0
"bobbeuse";0
"bobineur";1
"bobineuse";0
"bobinier";1
"bobinière";0
"boiseur";1
"boiseuse";0
"boisselier";1
"boisselière";0
"boitier";1
"boitière";0
"bombeur";1
"bombeuse";0
"bonbonneur";1
"bonbonneuse";0
"bonnetier";1
"bonnetière";0
"bordeur";1
"bordeuse";0
"bordureur";1
"bordureuse";0
"borneur";1
"borneuse";0
"botteur";1
"botteuse";0
"bottier";1
"bottière";0
"boucher";1
"bouchère";0
"boucheur";1
"boucheuse";0
"boucholeur";1
"boucholeuse";0
"bouchonneur";1
"bouchonneuse";0
"bouchonnier";1
"bouchonnière";0
"boudineur";1
"boudineuse";0
"bouilleur";1
"bouilleuse";0
"bouilloteur";1
"bouilloteuse";0
"boulanger";1
"boulangère";0
"boulonneur";1
"boulonneuse";0
"boulonnier";1
"boulonnière";0
"bourdonneur";1
"bourdonneuse";0
"bourrelier";1
"bourrelière";0
"bourreur";1
"bourreuse";0
"boursier";1
"boursière";0
"bouvier";1
"bouvière";0
"boxeur";1
"boxeuse";0
"boyaudier";1
"boyaudière";0
"brancardier";1
"brancardière";0
"braseur";1
"braseuse";0
"brasqueur";1
"brasqueuse";0
"brasseur";1
"brasseuse";0
"bricoleur";1
"bricoleuse";0
"brideur";1
"brideuse";0
"brigadier";1
"brigadière";0
"briqueteur";1
"briqueteuse";0
"brocanteur";1
"brocanteuse";0
"brocheur";1
"brocheuse";0
"brodeur";1
"brodeuse";0
"bronzeur";1
"bronzeuse";0
"bronzier";1
"bronzière";0
"brossier";1
"brossière";0
"broyeur";1
"broyeuse";0
"bruiteur";1
"bruiteuse";0
"brunisseur";1
"brunisseuse";0
"buandier";1
"buandière";0
"bucheron";1
"bucheronne";0
"buffetier";1
"buffetière";0
"bulbiculteur";1
"bulbicultrice";0
"burineur";1
"burineuse";0
"buronnier";1
"buronnière";0
"cabaretier";1
"cabaretière";0
"câbleur";1
"câbleuse";0
"câblier";1
"câblière";0
"cachetier";1
"cachetière";0
"cadet";1
"cadette";0
"cadmieur";1
"cadmieuse";0
"cadreur";1
"cadreuse";0
"cafetier";1
"cafetière";0
"caissier";1
"caissière";0
"calandreur";1
"calandreuse";0
"calculateur";1
"calculatrice";0
"calfat";1
"calfate";0
"calibreur";1
"calibreuse";0
"calier";1
"calière";0
"calorifugeur";1
"calorifugeuse";0
"calqueur";1
"calqueuse";0
"camelot";1
"camelote";0
"cameraman";1
"camionneur";1
"camionneuse";0
"canalisateur";1
"canalisatrice";0
"candidat";1
"candidate";0
"canneteur";1
"canneteuse";0
"canneur";1
"canneuse";0
"canoteur";1
"canoteuse";0
"canotier";1
"canotière";0
"cantinier";1
"cantinière";0
"cantonnier";1
"cantonnière";0
"canuse";0
"canut";1
"caoutchouteur";1
"caoutchouteuse";0
"caoutchoutier";1
"caoutchoutière";0
"capilliculteur";1
"capillicultrice";0
"caporal";1
"caporale";0
"capucin";1
"capucine";0
"carbonisateur";1
"carbonisatrice";0
"carboniseur";1
"carboniseuse";0
"carburier";1
"carburière";0
"cardeur";1
"cardeuse";0
"cardier";1
"cardière";0
"caréneur";1
"caréneuse";0
"carillonneur";1
"carillonneuse";0
"carme";1
"carmélite";0
"carreautier";1
"carreautière";0
"carreleur";1
"carreleuse";0
"carreur";1
"carreuse";0
"carrier";1
"carrossier";1
"carrossière";0
"cartier";1
"cartière";0
"cartomancien";1
"cartomancienne";0
"cartonnier";1
"cartonnière";0
"cascadeur";1
"cascadeuse";0
"casernier";1
"casernière";0
"casquettier";1
"casquettière";0
"casserolier";1
"casserolière";0
"casseur";1
"casseuse";0
"catalogueur";1
"catalogueuse";0
"catcheur";1
"catcheuse";0
"cavalier";1
"cavalière";0
"caveur";1
"caveuse";0
"ceinturier";1
"ceinturière";0
"ceinturonnier";1
"ceinturonnière";0
"cellophaneur";1
"cellophaneuse";0
"cémenteur";1
"cémenteuse";0
"cendrier";1
"cendrière";0
"censeur";1
"censeure";0
"centralien";1
"centralienne";0
"centreur";1
"centreuse";0
"centrifugeur";1
"centrifugeuse";0
"céréaliculteur";1
"céréalicultrice";0
"céréalier";1
"céréalière";0
"certifié";1
"certifiée";0
"chaisier";1
"chaisière";0
"chamoiseur";1
"chamoiseuse";0
"chancelier";1
"chancelière";0
"chanfreineur";1
"chanfreineuse";0
"changeur";1
"changeuse";0
"chanoine";1
"chanoinesse";0
"chansonnier";1
"chansonnière";0
"chanteur";1
"chanteuse";0
"chantourneur";1
"chantourneuse";0
"chapelier";1
"chapelière";0
"charbonnier";1
"charbonnière";0
"charcutier";1
"charcutière";0
"chargeur";1
"chargeuse";0
"charpentier";1
"charpentière";0
"charron";1
"charronne";0
"chartreuse";0
"chartreux";1
"chasseur";1
"chasseuse";0
"chaudronnier";1
"chaudronnière";0
"chauffeur";1
"chauffeuse";0
"chausseur";1
"chausseuse";0
"cheminot";1
"cheminote";0
"chercheur";1
"chercheuse";0
"chevalier";1
"chevalière";0
"chevillard";1
"chevillarde";0
"chevrier";1
"chevrière";0
"chiffonnier";1
"chiffonnière";0
"chiffreur";1
"chiffreuse";0
"chiromancien";1
"chiromancienne";0
"chiropracteur";1
"chiropractrice";0
"chiropraticien";1
"chiropraticienne";0
"chirurgien";1
"chirurgienne";0
"chlorier";1
"chlorière";0
"chocolatier";1
"chocolatière";0
"choisisseur";1
"choisisseuse";0
"chômeur";1
"chômeuse";0
"chromalineur";1
"chromalineuse";0
"chromeur";1
"chromeuse";0
"chromoteur";1
"chromoteuse";0
"chroniqueur";1
"chroniqueuse";0
"chronométreur";1
"chronométreuse";0
"chronométrier";1
"chronométrière";0
"cigarier";1
"cigarière";0
"cimentier";1
"cimentière";0
"cintreur";1
"cintreuse";0
"cintrier";1
"cintrière";0
"cireur";1
"cireuse";0
"cisailleur";1
"cisailleuse";0
"ciseleur";1
"ciseleuse";0
"cistercien";1
"cistercienne";0
"citernier";1
"citernière";0
"classeur";1
"classeuse";0
"classier";1
"classière";0
"clicheur";1
"clicheuse";0
"client";1
"cliente";0
"clinicien";1
"clinicienne";0
"cliométricien";1
"cliométricienne";0
"cliveur";1
"cliveuse";0
"cloueur";1
"cloueuse";0
"cocher";1
"cochère";0
"coconneur";1
"coconneuse";0
"codeur";1
"codeuse";0
"codificateur";1
"codificatrice";0
"codifieur";1
"codifieuse";0
"coffretier";1
"coffretière";0
"coffreur";1
"coffreuse";0
"cogniticien";1
"cogniticienne";0
"coiffeur";1
"coiffeuse";0
"cokier";1
"cokière";0
"collaborateur";1
"collaboratrice";0
"collecteur";1
"collectrice";0
"colleteur";1
"colleteuse";0
"colleur";1
"colleuse";0
"colonel";1
"colonelle";0
"colporteur";1
"colporteuse";0
"combattant";1
"combattante";0
"comédien";1
"comédienne";0
"commandant";1
"commandante";0
"commandeur";1
"commandeure";0
"commentateur";1
"commentatrice";0
"commerçant";1
"commerçante";0
"commise";0
"communard";1
"communarde";0
"communicateur";1
"communicatrice";0
"compagnon";1
"compagnonne";0
"compétiteur";1
"compétitrice";0
"compograveur";1
"compograveuse";0
"composeur";1
"composeuse";0
"compositeur";1
"compositrice";0
"composteur";1
"composteuse";0
"compteuse";0
"comte";1
"comtesse";0
"concentrateur";1
"concentratrice";0
"concentreur";1
"concentreuse";0
"concepteur";1
"conceptrice";0
"conchyliculteur";1
"conchylicultrice";0
"conciliateur";1
"conciliatrice";0
"conditionneur";1
"conditionneuse";0
"conducteur";1
"conductrice";0
"conduiseur";1
"conduiseuse";0
"confectionneur";1
"confectionneuse";0
"conférencier";1
"conférencière";0
"confiseur";1
"confiseuse";0
"confiturier";1
"confiturière";0
"confrère";1
"conseiller";1
"conseillère";0
"conserveur";1
"conserveuse";0
"consœur";0
"constructeur";1
"constructrice";0
"consul";1
"consule";0
"consultant";1
"consultante";0
"conteur";1
"conteuse";0
"contractuel";1
"contractuelle";0
"contremaitre";1
"contremaitresse";0
"contrôleur";1
"contrôleuse";0
"convers";1
"convoyeur";1
"convoyeuse";0
"coopérant";1
"coopérante";0
"coordinateur";1
"coordinatrice";0
"coordonnateur";1
"coordonnatrice";0
"coquilleur";1
"coquilleuse";0
"cordier";1
"cordière";0
"cordonnier";1
"cordonnière";0
"correcteur";1
"correctrice";0
"correspondancier";1
"correspondancière";0
"correspondant";1
"correspondante";0
"corroyeur";1
"corroyeuse";0
"corsetier";1
"corsetière";0
"cosméticien";1
"cosméticienne";0
"costumier";1
"costumière";0
"coturniculteur";1
"coturnicultrice";0
"coucheur";1
"coucheuse";0
"couleuse";0
"coulonnier";1
"coulonnière";0
"coupeur";1
"coupeuse";0
"coureur";1
"coureuse";0
"courrière";0
"coursier";1
"coursière";0
"courtier";1
"courtière";0
"couseur";1
"couseuse";0
"coutelier";1
"coutelière";0
"couturier";1
"couturière";0
"couturniculteur";1
"couturnicultrice";0
"couvreur";1
"couvreuse";0
"créateur";1
"créatif";1
"créative";0
"créatrice";0
"crémier";1
"crémière";0
"crêpier";1
"crêpière";0
"crépisseur";1
"crépisseuse";0
"cressiculteur";1
"cressicultrice";0
"cribleur";1
"cribleuse";0
"crieur";1
"crieuse";0
"cristallier";1
"cristallière";0
"croissantier";1
"croissantière";0
"croqueur";1
"croqueuse";0
"croupier";1
"croupière";0
"crouponneur";1
"crouponneuse";0
"crustaciculteur";1
"crustacicultrice";0
"cubilotier";1
"cubilotière";0
"cueilleur";1
"cueilleuse";0
"cuiseur";1
"cuiseuse";0
"cuisinier";1
"cuisinière";0
"cuivreur";1
"cuivreuse";0
"culottier";1
"culottière";0
"cultivateur";1
"cultivatrice";0
"cuniculiculteur";1
"cuniculicultrice";0
"curateur";1
"curatrice";0
"cybernéticien";1
"cybernéticienne";0
"cylindreur";1
"cylindreuse";0
"cyndinicien";1
"cyndinicienne";0
"cyniculteur";1
"cynicultrice";0
"dalleur";1
"dalleuse";0
"damasquineur";1
"damasquineuse";0
"danseur";1
"danseuse";0
"débardeur";1
"débardeuse";0
"débarrasseur";1
"débarrasseuse";0
"débâtisseur";1
"débâtisseuse";0
"débitant";1
"débitante";0
"débiteur";1
"débiteuse";0
"débobineur";1
"débobineuse";0
"débogueur";1
"débogueuse";0
"débordeur";1
"débordeuse";0
"débosseleur";1
"débosseleuse";0
"déboureur";1
"déboureuse";0
"débroussailleur";1
"débroussailleuse";0
"débruteur";1
"débruteuse";0
"décalabreur";1
"décalabreuse";0
"décalqueur";1
"décalqueuse";0
"décapeur";1
"décapeuse";0
"décasteur";1
"décasteuse";0
"déchappeur";1
"déchappeuse";0
"déchargeur";1
"déchargeuse";0
"décideur";1
"décideuse";0
"déclarant";1
"déclarante";0
"décodeur";1
"décodeuse";0
"décolleteur";1
"décolleteuse";0
"décompteur";1
"décompteuse";0
"décontamineur";1
"décontamineuse";0
"décorateur";1
"décoratrice";0
"décortiqueur";1
"décortiqueuse";0
"découpeur";1
"découpeuse";0
"découvreur";1
"découvreuse";0
"décrasseur";1
"décrasseuse";0
"décrocheur";1
"décrocheuse";0
"dédoubleur";1
"dédoubleuse";0
"défenderesse";0
"défendeur";1
"défenseur";1
"défenseuse";0
"déforesteur";1
"déforesteuse";0
"déformeur";1
"déformeuse";0
"défourneur";1
"défourneuse";0
"dégauchisseur";1
"dégauchisseuse";0
"dégraisseur";1
"dégraisseuse";0
"dégrossisseur";1
"dégrossisseuse";0
"dégustateur";1
"dégustatrice";0
"délaineur";1
"délaineuse";0
"déligneur";1
"déligneuse";0
"demanderesse";0
"demandeur";1
"demandeuse";0
"démarcheur";1
"démarcheuse";0
"déménageur";1
"déménageuse";0
"démineur";1
"démineuse";0
"démonstrateur";1
"démonstratrice";0
"démonteur";1
"démonteuse";0
"démouleur";1
"démouleuse";0
"dentel";1
"denteleur";1
"denteleuse";0
"dentellière";0
"dépanneur";1
"dépanneuse";0
"départeur";1
"départeuse";0
"dépeceur";1
"dépeceuse";0
"dépensier";1
"dépensière";0
"dépileur";1
"dépileuse";0
"dépolisseur";1
"dépolisseuse";0
"dépoteur";1
"dépoteuse";0
"dépouilleur";1
"dépouilleuse";0
"dépoussiéreur";1
"dépoussiéreuse";0
"député";1
"députée";0
"dératiseur";1
"dératiseuse";0
"dérayeur";1
"dérayeuse";0
"dérocheur";1
"dérocheuse";0
"dérouleur";1
"dérouleuse";0
"dérusheur";1
"dérusheuse";0
"designer voir stylicien";1
"désinfecteur";1
"désinfectrice";0
"désinsectiseur";1
"désinsectiseuse";0
"désosseur";1
"désosseuse";0
"desserveur";1
"desserveuse";0
"dessinateur";1
"dessinatrice";0
"détacheur";1
"détacheuse";0
"détaillant";1
"détaillante";0
"détecteur";1
"détectrice";0
"détenteur";1
"détentrice";0
"développeur";1
"développeuse";0
"dévideur";1
"dévideuse";0
"deviseur";1
"deviseuse";0
"diaconnesse";0
"diacre";1
"diagnosticien";1
"diagnosticienne";0
"didacticien";1
"didacticienne";0
"diététicien";1
"diététicienne";0
"diffuseur";1
"diffuseuse";0
"dinandier";1
"dinandière";0
"diplômé";1
"diplômée";0
"directeur";1
"directrice";0
"dirigeant";1
"dirigeante";0
"disc-jockey";1
"disque jockey";1
"discompteur";1
"discompteuse";0
"dispatcheur";1
"dispatcheuse";0
"distillateur";1
"distillatrice";0
"distributeur";1
"distributrice";0
"docteur";1
"docteure";0
"doctorant";1
"doctorante";0
"doctoresse";0
"doleur";1
"doleuse";0
"domestique";0
"dominicain";1
"dominicaine";0
"domoticien";1
"domoticienne";0
"dompteur";1
"dompteuse";0
"donneur";1
"donneuse";0
"doreur";1
"doreuse";0
"doseur";1
"doseuse";0
"douanier";1
"douanière";0
"doubleur";1
"doubleuse";0
"doucisseur";1
"doucisseuse";0
"doyen";1
"doyenne";0
"drapier";1
"drapière";0
"dresseur";1
"dresseuse";0
"duc";1
"duchesse";0
"ébarbeur";1
"ébarbeuse";0
"ébardeur";1
"ébardeuse";0
"ébaucheur";1
"ébaucheuse";0
"ébavureur";1
"ébavureuse";0
"éboueur";1
"éboueuse";0
"écailler";1
"écaillère";0
"échafaudeur";1
"échafaudeuse";0
"échantillonneur";1
"échantillonneuse";0
"écharneur";1
"écharneuse";0
"échiniculteur";1
"échinicultrice";0
"éclateur";1
"éclateuse";0
"éclusier";1
"éclusière";0
"écorceur";1
"écorceuse";0
"écoutant";1
"écoutante";0
"écrivain";1
"écrivaine";0
"écuyer";1
"écuyère";0
"éditeur";1
"éditrice";0
"éducateur";1
"éducatrice";0
"effilocheur";1
"effilocheuse";0
"effleureur";1
"effleureuse";0
"égaliseur";1
"égaliseuse";0
"égoutier";1
"égoutière";0
"égreneur";1
"égreneuse";0
"élagueur";1
"élagueuse";0
"élanceur";1
"élanceuse";0
"élastiqueur";1
"élastiqueuse";0
"électeur";1
"électrice";0
"électricien";1
"électricienne";0
"électromazoutier";1
"électromazoutière";0
"électronicien";1
"électronicienne";0
"éleveur";1
"éleveuse";0
"élingueur";1
"élingueuse";0
"émailleur";1
"émailleuse";0
"emballeur";1
"emballeuse";0
"embaumeur";1
"embaumeuse";0
"embosseur";1
"embosseuse";0
"embouteilleur";1
"embouteilleuse";0
"emboutisseur";1
"emboutisseuse";0
"émetteur";1
"émettrice";0
"empailleur";1
"empailleuse";0
"empaqueteur";1
"empaqueteuse";0
"empâteur";1
"empâteuse";0
"empereur";1
"empileur";1
"empileuse";0
"employé";1
"employée";0
"employeur";1
"employeuse";0
"empoteur";1
"empoteuse";0
"encadreur";1
"encadreuse";0
"encageur";1
"encageuse";0
"encaisseur";1
"encaisseuse";0
"encartoucheur";1
"encartoucheuse";0
"encasteur";1
"encasteuse";0
"encimenteur";1
"encimenteuse";0
"encodeur";1
"encodeuse";0
"encolleur";1
"encolleuse";0
"endivier";1
"endivière";0
"enducteur";1
"enductrice";0
"enduiseur";1
"enduiseuse";0
"énergéticien";1
"énergéticienne";0
"enfileur";1
"enfileuse";0
"enfourneur";1
"enfourneuse";0
"engazonneur";1
"engazonneuse";0
"englobeur";1
"englobeuse";0
"engraisseur";1
"engraisseuse";0
"enliasseur";1
"enliasseuse";0
"enlumineur";1
"enlumineuse";0
"enquêteur";1
"enquêteuse";0
"enquêtrice";0
"enrouleur";1
"enrouleuse";0
"ensacheur";1
"ensacheuse";0
"enseignant";1
"enseignante";0
"ensemblier";1
"ensemblière";0
"ensileur";1
"ensileuse";0
"ensimeur";1
"ensimeuse";0
"entraineur";1
"entraineuse";0
"entremétier";1
"entremétière";0
"entrepreneur";1
"entrepreneure";0
"entringleur";1
"entringleuse";0
"épailleur";1
"épailleuse";0
"épépineur";1
"épépineuse";0
"épicier";1
"épicière";0
"éplucheur";1
"éplucheuse";0
"éprouveur";1
"éprouveuse";0
"épurateur";1
"épuratrice";0
"équarrisseur";1
"équarrisseuse";0
"équipementier";1
"équipementière";0
"équipier";1
"équipière";0
"ergolier";1
"ergolière";0
"escaliéteur";1
"escaliéteuse";0
"escrimeur";1
"escrimeuse";0
"espion";1
"espionne";0
"essayeur";1
"essayeuse";0
"essencier";1
"essencière";0
"essoreur";1
"essoreuse";0
"essuyeur";1
"essuyeuse";0
"estampeur";1
"estampeuse";0
"esthéticien";1
"esthéticienne";0
"estimateur";1
"estimatrice";0
"étager";1
"étagère";0
"étalonneur";1
"étalonneuse";0
"étalonnier";1
"étalonnière";0
"étameur";1
"étameuse";0
"étampeur";1
"étampeuse";0
"étancheur";1
"étancheuse";0
"étavillonneur";1
"étavillonneuse";0
"étayeur";1
"étayeuse";0
"étinceleur";1
"étinceleuse";0
"étiqueteur";1
"étiqueteuse";0
"étirageur";1
"étirageuse";0
"étireur";1
"étireuse";0
"étringleur";1
"étringleuse";0
"étudiant";1
"étudiante";0
"évaluateur";1
"évaluatrice";0
"évaporeur";1
"évaporeuse";0
"éviscérateur";1
"éviscératrice";0
"examinateur";1
"examinatrice";0
"exécuteur";1
"exécutrice";0
"exorciseur";1
"exorciseuse";0
"expéditeur";1
"expéditrice";0
"expérimentateur";1
"expérimentatrice";0
"expert";1
"experte";0
"exploitant";1
"exploitante";0
"exportateur";1
"exportatrice";0
"exprimeur";1
"exprimeuse";0
"extracteur";1
"extractrice";0
"extrudeur";1
"extrudeuse";0
"fabricant";1
"fabricante";0
"façadier";1
"façadière";0
"facilitateur";1
"facilitatrice";0
"façonneur";1
"façonneuse";0
"façonnier";1
"façonnière";0
"factrice";0
"facturier";1
"facturière";0
"faïencier";1
"faïencière";0
"farinier";1
"farinière";0
"fendeur";1
"fendeuse";0
"ferblantier";1
"ferblantière";0
"fermentateur";1
"fermentatrice";0
"fermenteur";1
"fermenteuse";0
"fermier";1
"fermière";0
"ferrailleur";1
"ferrailleuse";0
"ferreur";1
"ferreuse";0
"ferronnier";1
"ferronnière";0
"festonneur";1
"festonneuse";0
"feuillardier";1
"feuillardière";0
"feutrier";1
"feutrière";0
"figurant";1
"figurante";0
"fileur";1
"fileuse";0
"fileyeur";1
"fileyeuse";0
"filtreur";1
"filtreuse";0
"fineur";1
"fineuse";0
"finisseur";1
"finisseuse";0
"flaconnier";1
"flaconnière";0
"flasheur";1
"flasheuse";0
"floqueur";1
"floqueuse";0
"floriculteur";1
"floricultrice";0
"fluidicien";1
"fluidicienne";0
"fonceur";1
"fonceuse";0
"fondée";0
"fondeur";1
"fondeuse";0
"fontainier";1
"fontainière";0
"fontenier";1
"fontenière";0
"footballeur";1
"footballeuse";0
"forain";1
"foraine";0
"forestier";1
"forestière";0
"foreur";1
"foreuse";0
"forgeron";1
"forgeronne";0
"formateur";1
"formatrice";0
"formeur";1
"formeuse";0
"formier";1
"formière";0
"fossoyeur";1
"fossoyeuse";0
"fouleur";1
"fouleuse";0
"foulonnier";1
"foulonnière";0
"fournière";0
"fournisseur";1
"fournisseuse";0
"fourreur";1
"fourreuse";0
"fourrier";1
"fourrière";0
"fraiseur";1
"fraiseuse";0
"franchiseur";1
"franchiseuse";0
"franciscain";1
"franciscaine";0
"frappeur";1
"frappeuse";0
"freineur";1
"freineuse";0
"fripier";1
"fripière";0
"fromager";1
"fromagère";0
"fusilier";1
"fusilière";0
"gâcheur";1
"gâcheuse";0
"gainier";1
"gainière";0
"galvaniseur";1
"galvaniseuse";0
"gamin";1
"gamine";0
"gantier";1
"gantière";0
"garçon";1
"gardian";1
"gardiane";0
"gardien";1
"gardienne";0
"gareur";1
"gareuse";0
"garnisseur";1
"garnisseuse";0
"gaufreur";1
"gaufreuse";0
"gaveur";1
"gaveuse";0
"gazier";1
"gazière";0
"gemmeur";1
"gemmeuse";0
"généticien";1
"généticienne";0
"geôlier";1
"geôlière";0
"gérant";1
"gérante";0
"giletier";1
"giletière";0
"glaceur";1
"glaceuse";0
"glacier";1
"glacière";0
"goémonier";1
"goémonière";0
"golfeur";1
"golfeuse";0
"gondolier";1
"gondolière";0
"gouacheur";1
"gouacheuse";0
"goudronneur";1
"goudronneuse";0
"gouteur";1
"gouteuse";0
"gouvernant";1
"gouvernante";0
"gouverneur";1
"gouverneure";0
"gradeur";1
"gradeuse";0
"gradueur";1
"gradueuse";0
"grainetier";1
"grainetière";0
"grainier";1
"grainière";0
"graisseur";1
"graisseuse";0
"grammairien";1
"grammairienne";0
"gratteur";1
"gratteuse";0
"gravatier";1
"gravatière";0
"graveur";1
"graveuse";0
"gravillonneur";1
"gravillonneuse";0
"gréeur";1
"gréeuse";0
"greffeur";1
"greffeuse";0
"greffier";1
"greffière";0
"grenailleur";1
"grenailleuse";0
"griffeur";1
"griffeuse";0
"grignoteur";1
"grignoteuse";0
"grillardin";1
"grillardine";0
"grimpeur";1
"grimpeuse";0
"grutier";1
"grutière";0
"guérisseur";1
"guérisseuse";0
"guichetier";1
"guichetière";0
"guillocheur";1
"guillocheuse";0
"guillotineur";1
"guillotineuse";0
"guimpier";1
"guimpière";0
"guipurier";1
"guipurière";0
"guniteur";1
"guniteuse";0
"gutteur";1
"gutteuse";0
"habilleur";1
"habilleuse";0
"hacheur";1
"hacheuse";0
"handballeur";1
"handballeuse";0
"héliciculteur";1
"hélicicultrice";0
"her";1
"herbager";1
"herbagère";0
"herscheuse";0
"historien";1
"historienne";0
"hockeyeur";1
"hockeyeuse";0
"hongroyeur";1
"hongroyeuse";0
"horloger";1
"horlogère";0
"horticulteur";1
"horticultrice";0
"hospitalier";1
"hospitalière";0
"hôte";1
"hôtelier";1
"hôtelière";0
"hôtesse";0
"hôtesse";0
"houblonnier";1
"houblonnière";0
"huileur";1
"huileuse";0
"huilier";1
"huilière";0
"huissier";1
"huissière";0
"huitrier";1
"huitrière";0
"hydraulicien";1
"hydraulicienne";0
"hydrodynamicien";1
"hydrodynamicienne";0
"hypnotiseur";1
"hypnotiseuse";0
"identificateur";1
"identificatrice";0
"illuminateur";1
"illuminatrice";0
"illustrateur";1
"illustratrice";0
"ilotier";1
"ilotière";0
"imbricateur";1
"imbricatrice";0
"imitateur";1
"imitatrice";0
"impératrice";0
"implanteur";1
"implanteuse";0
"importateur";1
"importatrice";0
"imposeur";1
"imposeuse";0
"imprimeur";1
"imprimeuse";0
"incorporateur";1
"incorporatrice";0
"incrustateur";1
"incrustatrice";0
"indicatrice";0
"infirmier";1
"infirmière";0
"informateur";1
"informaticien";1
"informaticienne";0
"informatrice";0
"ingénieur";1
"ingénieure";0
"initiateur";1
"initiatrice";0
"injecteur";1
"injectrice";0
"inséminateur";1
"inséminatrice";0
"inspecteur";1
"inspectrice";0
"installateur";1
"installatrice";0
"instituteur";1
"institutrice";0
"instructeur";1
"instructrice";0
"intellectuel";1
"intellectuelle";0
"intendant";1
"intendante";0
"interlocuteur";1
"interlocutrice";0
"intermittent";1
"intermittente";0
"interrogateur";1
"interrogatrice";0
"intervenant";1
"intervenante";0
"intervieweur";1
"intervieweuse";0
"inventeur";1
"inventrice";0
"investisseur";1
"investisseuse";0
"irrigateur";1
"irrigatrice";0
"isolateur";1
"isolatrice";0
"ivoirier";1
"ivoirière";0
"jardinier";1
"jardinière";0
"jaugeur";1
"jaugeuse";0
"joailler";1
"joaillère";0
"jointeur";1
"jointeuse";0
"jointoyeur";1
"jointoyeuse";0
"jongleur";1
"jongleuse";0
"joueur";1
"joueuse";0
"joueuse de rugby";0
"journalier";1
"journalière";0
"juniore";0
"juré";1
"jurée";0
"juristicien";1
"juristicienne";0
"képissier";1
"képissière";0
"kiwiculteur";1
"kiwicultrice";0
"laborant";1
"laborante";0
"laborantin";1
"laborantine";0
"lainier";1
"lainière";0
"laitier";1
"laitière";0
"lamaneur";1
"lamaneuse";0
"lamineur";1
"lamineuse";0
"lanceur";1
"lanceuse";0
"lancier";1
"lancière";0
"lanternier";1
"lanternière";0
"laqueur";1
"laqueuse";0
"largueur";1
"largueuse";0
"lavandiculteur";1
"lavandicultrice";0
"lavandier";1
"lavandière";0
"laveur";1
"laveuse";0
"layetier";1
"layetière";0
"lecteur";1
"lectrice";0
"législateur";1
"législatrice";0
"légumier";1
"légumière";0
"lessiveur";1
"lessiveuse";0
"lettreur";1
"lettreuse";0
"levageur";1
"levageuse";0
"leveur";1
"leveuse";0
"licencié";1
"licenciée";0
"licier";1
"licière";0
"liégeur";1
"liégeuse";0
"lieutenant";1
"lieutenante";0
"liftier";1
"liftière";0
"lignard";1
"lignarde";0
"ligneur";1
"ligneuse";0
"limonadier";1
"limonadière";0
"limousinant";1
"limousinante";0
"linger";1
"lingère";0
"liquidateur";1
"liquidatrice";0
"liseur";1
"liseuse";0
"lisseur";1
"lisseuse";0
"litigeur";1
"litigeuse";0
"littérateur";1
"littératrice";0
"livrancier";1
"livrancière";0
"livreur";1
"livreuse";0
"logisticien";1
"logisticienne";0
"lombriculteur";1
"lombricultrice";0
"lotisseur";1
"lotisseuse";0
"loueur";1
"loueuse";0
"lunetier";1
"lunetière";0
"lunetteur";1
"lunetteuse";0
"luthier";1
"luthière";0
"lutteur";1
"lutteuse";0
"maçon";1
"maçonne";0
"magasinier";1
"magasinière";0
"magicien";1
"magicienne";0
"magistrat";1
"magistrate";0
"maïeuticien";1
"maïeuticienne";0
"maillocheur";1
"maillocheuse";0
"main courantier";1
"main courantière";0
"maintenicien";1
"maintenicienne";0
"maire";1
"mairesse";0
"maïsiculteur";1
"maïsicultrice";0
"maitre";1
"maitresse";0
"major";1
"majore";0
"malaxeur";1
"malaxeuse";0
"malletier";1
"malletière";0
"malteur";1
"malteuse";0
"manadier";1
"manadière";0
"manager";1
"manageuse";0
"manchonnier";1
"manchonnière";0
"manipulateur";1
"manipulatrice";0
"mannequin";1
"mannequine";0 	 	
"manœuvrier";1
"manœuvrière";0
"maquignon";1
"maquignonne";0
"maquilleur";1
"maquilleuse";0
"maraicher";1
"maraichère";0
"marathonien";1
"marathonienne";0
"marbreur";1
"marbreuse";0
"marbrier";1
"marbrière";0
"marchand";1
"marchande";0
"marchandiseur";1
"marchandiseuse";0
"maréchal";1
"maréchal-ferrant";1
"maréchale";0
"maréchale-ferrante";0
"margeur";1
"margeuse";0
"marguillier";1
"marguillière";0
"mariculteur";1
"maricultrice";0
"marinier";1
"marinière";0
"marmiton";1
"marmitonne";0
"maroquinier";1
"maroquinière";0
"marqueteur";1
"marqueteuse";0
"marqueuse";0
"marquis";1
"marquise";0
"marteleur";1
"marteleuse";0
"martineur";1
"martineuse";0
"masselotteur";1
"masselotteuse";0
"masseur";1
"masseuse";0
"massicoteur";1
"massicoteuse";0
"massicotier";1
"massicotière";0
"mastiqueur";1
"mastiqueuse";0
"matelasseur";1
"matelasseuse";0
"matelassier";1
"matelassière";0
"matelot";1
"matelote";0
"mateur";1
"mateuse";0
"mathématicien";1
"mathématicienne";0
"matriceur";1
"matriceuse";0
"mécanicien";1
"mécanicienne";0
"mécatronicien";1
"mécatronicienne";0
"médailleur";1
"médailleuse";0
"médecin";1
"média-planneur";1
"média-planneuse";0
"médiateur";1
"médiatrice";0
"mégissier";1
"mégissière";0
"mélangeur";1
"mélangeuse";0
"meneur";1
"meneuse";0
"menuisier";1
"menuisière";0
"mercaticien";1
"mercaticienne";0
"merceriseur";1
"merceriseuse";0
"merchandiseur";1
"merchandiseuse";0
"mercier";1
"mercière";0
"mère abbesse";0
"mesureur";1
"mesureuse";0
"métallier";1
"métallière";0
"métalliseur";1
"métalliseuse";0
"métayer";1
"métayère";0
"métreur";1
"métreuse";0
"metteur";1
"metteuse";0
"meuleur";1
"meuleuse";0
"meunier";1
"meunière";0
"mineuse";0
"mireur";1
"mireuse";0
"miroitier";1
"miroitière";0
"missilier";1
"missilière";0
"mitronnier";1
"mitronnière";0
"mixeur";1
"mixeuse";0
"modeleur";1
"modeleuse";0
"modélisateur";1
"modélisatrice";0
"moellonneur";1
"moellonneuse";0
"moine";1
"moireur";1
"moireuse";0
"moniale";0
"moniteur";1
"monitrice";0
"monteur";1
"monteuse";0
"mortaiseur";1
"mortaiseuse";0
"mosaïqueur";1
"mosaïqueuse";0
"motard";1
"motarde";0
"moufletier";1
"moufletière";0
"mouleur";1
"mouleuse";0
"moulineur";1
"moulineuse";0
"moulinier";1
"moulinière";0
"moutonnier";1
"moutonnière";0
"musicien";1
"musicienne";0
"mytiliculteur";1
"mytilicultrice";0
"nacellier";1
"nacellière";0
"nacreur";1
"nacreuse";0
"nageur";1
"nageuse";0
"naisseur";1
"naisseuse";0
"nappeur";1
"nappeuse";0
"narrateur";1
"narratrice";0
"naturopraticien";1
"naturopraticienne";0
"navigateur";1
"navigatrice";0
"nécromancien";1
"nécromancienne";0
"négociant";1
"négociante";0
"négociateur";1
"négociatrice";0
"nettoyeur";1
"nettoyeuse";0
"neutronicien";1
"neutronicienne";0
"nickeleur";1
"nickeleuse";0
"nitrureur";1
"nitrureuse";0
"normalien";1
"normalienne";0
"notateur";1
"notatrice";0
"noueur";1
"noueuse";0
"noyauteur";1
"noyauteuse";0
"oblat";1
"oblate";0
"observateur";1
"observatrice";0
"obstétricien";1
"obstétricienne";0
"obtenteur";1
"obtentrice";0
"officier";1
"officière";0
"officinal";1
"officinale";0
"oiseleur";1
"oiseleuse";0
"oiselier";1
"oiselière";0
"oléiculteur";1
"oléicultrice";0
"opérateur";1
"opératrice";0
"opticien";1
"opticienne";0
"orateur";1
"oratrice";0
"orchestrateur";1
"orchestratrice";0
"ordonnateur";1
"ordonnatrice";0
"organier";1
"organière";0
"organisateur";1
"organisatrice";0
"orienteur";1
"orienteuse";0
"orpailleur";1
"orpailleuse";0
"osiériculteur";1
"osiéricultrice";0
"ostréiculteur";1
"ostréicultrice";0
"ourdisseur";1
"ourdisseuse";0
"ourleur";1
"ourleuse";0
"outilleur";1
"outilleuse";0
"ouvreur";1
"ouvreuse";0
"ouvrier";1
"ouvrière";0
"oxycoupeur";1
"oxycoupeuse";0
"palefrenier";1
"palefrenière";0
"paléomagnéticien";1
"paléomagnéticienne";0
"paletteur";1
"paletteuse";0
"palettiseur";1
"palettiseuse";0
"palissonneur";1
"palissonneuse";0
"paludier";1
"paludière";0
"panseur";1
"panseuse";0
"pantograveur";1
"pantograveuse";0
"papetier";1
"papetière";0
"papillonneur";1
"papillonneuse";0
"pareur";1
"pareuse";0
"parfumeur";1
"parfumeuse";0
"parieur";1
"parieuse";0
"parolier";1
"parolière";0
"parqueteur";1
"parqueteuse";0
"parquetier";1
"parquetière";0
"parraineur";1
"parraineuse";0
"parurier";1
"parurière";0
"passementier";1
"passementière";0
"passeur";1
"passeuse";0
"pasteur";1
"pasteure";0
"pasteurisateur";1
"pasteurisatrice";0
"patient";1
"patiente";0
"patineur";1
"patineuse";0
"pâtissier";1
"pâtissière";0
"patron";1
"patronne";0
"patronnier";1
"patronnière";0
"patrouilleur";1
"patrouilleuse";0
"paveur";1
"paveuse";0
"payeur";1
"payeuse";0
"péager";1
"péagère";0
"peaussier";1
"peaussière";0
"pêcheur";1
"pêcheuse";0
"pectiniculteur";1
"pectinicultrice";0
"peigneur";1
"peigneuse";0
"pèlerin";1
"pèlerine";0
"peleur";1
"peleuse";0
"pelleur";1
"pelleuse";0
"pelotonneur";1
"pelotonneuse";0
"pendulier";1
"pendulière";0
"pénicheur";1
"pénicheuse";0
"pénichier";1
"pénichière";0
"percepteur";1
"perceptrice";0
"perceur";1
"perceuse";0
"père abbé";1
"perforateur";1
"perforatrice";0
"perforeur";1
"perforeuse";0
"performeur";1
"performeuse";0
"perruquier";1
"perruquière";0
"peseur";1
"peseuse";0
"pétissier";1
"pétissière";0
"pétrisseur";1
"pétrisseuse";0
"pharmacien";1
"pharmacienne";0
"pharmacocinéticien";1
"pharmacocinéticienne";0
"phonéticien";1
"phonéticienne";0
"phosphateur";1
"phosphateuse";0
"photocompositeur";1
"photocompositrice";0
"photograveur";1
"photograveuse";0
"photoreproducteur";1
"photoreproductrice";0
"physicien";1
"physicienne";0
"piéceur";1
"piéceuse";0
"pilonnier";1
"pilonnière";0
"pipelinier";1
"pipelinière";0
"pipier";1
"pipière";0
"piqueur";1
"piqueuse";0
"piqurier";1
"piqurière";0
"pisciculteur";1
"piscicultrice";0
"piscinier";1
"piscinière";0
"pistard";1
"pistarde";0
"pisteur";1
"pisteuse";0
"pistoleteur";1
"pistoleteuse";0
"pistoleur";1
"pistoleuse";0
"pizzaïola";0
"pizzaïolo";1
"placeur";1
"placeuse";0
"placier";1
"placière";0
"plafonneur";1
"plafonneuse";0
"plaignant";1
"plaignante";0
"plancheur";1
"plancheuse";0
"planeur";1
"planeuse";0
"planificateur";1
"planificatrice";0
"planteur";1
"planteuse";0
"planton";1
"plantonne";0
"plaqueur";1
"plaqueuse";0
"plasticien";1
"plasticienne";0
"plastifieur";1
"plastifieuse";0
"plâtrier";1
"plâtrière";0
"plieur";1
"plieuse";0
"plombeur";1
"plombeuse";0
"plombier";1
"plombière";0
"plongeur";1
"plongeuse";0
"plumassier";1
"plumassière";0
"pneumaticien";1
"pneumaticienne";0
"pneumatiquier";1
"pneumatiquière";0
"pocheteur";1
"pocheteuse";0
"pocheur";1
"pocheuse";0
"poêlier";1
"poêlière";0
"poète";1
"poétesse";0
"poinçonneur";1
"poinçonneuse";0
"pointeur";1
"pointeuse";0
"poissonnier";1
"poissonnière";0
"policier";1
"policière";0
"polisseur";1
"polisseuse";0
"politicien";1
"politicienne";0
"polytechnicien";1
"polytechnicienne";0
"pomiculteur";1
"pomicultrice";0
"pompier";1
"pompière";0
"ponceur";1
"ponceuse";0
"pontier";1
"pontière";0
"pontonnier";1
"pontonnière";0
"populiculteur";1
"populicultrice";0
"porcelainier";1
"porcelainière";0
"porcher";1
"porchère";0
"porion";1
"porionne";0
"portier";1
"portière";0
"portiqueur";1
"portiqueuse";0
"poseur";1
"poseuse";0
"postier";1
"postière";0
"postulant";1
"postulante";0
"potier";1
"potière";0
"poudrier";1
"poudrière";0
"pourvoyeur";1
"pourvoyeuse";0
"pousseur";1
"pousseuse";0
"poussin";1
"poussine";0
"praticien";1
"praticienne";0
"pratiquant";1
"pratiquante";0
"précepteur";1
"préceptrice";0
"prédicateur";1
"prédicatrice";0
"préfet";1
"préfète";0
"préleveur";1
"préleveuse";0
"preneur";1
"preneuse";0
"préparateur";1
"préparatrice";0
"préposé";1
"préposée";0
"présentateur";1
"présentatrice";0
"président";1
"présidente";0
"presseur";1
"presseuse";0
"pressier";1
"pressière";0
"prestidigitateur";1
"prestidigitatrice";0
"prieur";1
"prieure";0
"prince";1
"princesse";0
"priseur";1
"priseuse";0
"procureur";1
"procureure";0
"producteur";1
"productrice";0
"professeur";1
"professeure";0
"profileur";1
"profileuse";0
"programmateur";1
"programmatrice";0
"programmeur";1
"programmeuse";0
"projeteur";1
"projeteuse";0
"promoteur";1
"promotrice";0
"proposeur";1
"proposeuse";0
"prospecteur";1
"prospectrice";0
"prostitué";1
"prostituée";0
"proviseur";1
"proviseure";0
"pruniculteur";1
"prunicultrice";0
"psychoclinicien";1
"psychoclinicienne";0
"psychométricien";1
"psychométricienne";0
"psychomotricien";1
"psychomotricienne";0
"puériculteur";1
"puéricultrice";0
"puisatier";1
"puisatière";0
"puiseur";1
"puiseuse";0
"pulpeur";1
"pulpeuse";0
"pupitreur";1
"pupitreuse";0
"purgeur";1
"purgeuse";0
"pyrotechnicien";1
"pyrotechnicienne";0
"qualiticien";1
"qualiticienne";0
"quenouilleur";1
"quenouilleuse";0
"questeur";1
"questionneur";1
"questionneuse";0
"questrice";0
"quincailler";1
"quincaillère";0
"rabatteur";1
"rabatteuse";0
"rabbin";1
"rabbine";0
"rabilleur";1
"raboteur";1
"raboteuse";0
"raccommodeur";1
"raccommodeuse";0
"raccoutreur";1
"raccoutreuse";0
"raffineur";1
"raffineuse";0
"ragréeur";1
"ragréeuse";0
"ramasseur";1
"ramasseuse";0
"ramendeur";1
"ramendeuse";0
"rameur";1
"rameuse";0
"ramoneur";1
"ramoneuse";0
"randonneur";1
"randonneuse";0
"rapetasseur";1
"rapetasseuse";0
"râpeur";1
"râpeuse";0
"rapporteur";1
"rapporteuse";0
"rattacheur";1
"rattacheuse";0
"ravaleur";1
"ravaleuse";0
"ravaudeur";1
"ravaudeuse";0
"ravitailleur";1
"ravitailleuse";0
"raviveur";1
"raviveuse";0
"rayonneur";1
"rayonneuse";0
"réalisateur";1
"réalisatrice";0
"réanimateur";1
"réanimatrice";0
"réapprovisionneur";1
"réapprovisionneuse";0
"réassortisseur";1
"réassortisseuse";0
"rebobineur";1
"rebobineuse";0
"reboiseur";1
"reboiseuse";0
"rebouteur";1
"rebouteux";1
"rebouteuse";0
"rebrousseur";1
"rebrousseuse";0
"recenseur";1
"recenseuse";0
"récepteur";1
"réceptrice";0
"receveur";1
"receveuse";0
"réchappeur";1
"réchappeuse";0
"réchauffeur";1
"réchauffeuse";0
"recouvreur";1
"recouvreuse";0
"recruteur";1
"recruteuse";0
"recteur";1
"rectifieur";1
"rectifieuse";0
"rectrice";0
"recuiseur";1
"recuiseuse";0
"récupérateur";1
"récupératrice";0
"rédacteur";1
"rédactrice";0
"redresseur";1
"redresseuse";0
"rééducateur";1
"rééducatrice";0
"refendeur";1
"refendeuse";0
"régaleur";1
"régaleuse";0
"régent";1
"régente";0
"régisseur";1
"régisseuse";0
"régleur";1
"régleuse";0
"régulatrice";0
"reine";0
"releveur";1
"releveuse";0
"relieur";1
"relieuse";0
"religieuse";0
"religieux";1
"remailleur";1
"remailleuse";0
"rembobineur";1
"rembobineuse";0
"rembordeur";1
"rembordeuse";0
"rembourreur";1
"rembourreuse";0
"remmailleur";1
"remmailleuse";0
"remmouleur";1
"remmouleuse";0
"remolieur";1
"remolieuse";0
"remonteur";1
"remonteuse";0
"remorqueur";1
"remorqueuse";0
"rémouleur";1
"rémouleuse";0
"rempailleur";1
"rempailleuse";0
"remplaçant";1
"remplaçante";0
"remplieur";1
"remplieuse";0
"rentrayeur";1
"rentrayeuse";0
"rentreur";1
"rentreuse";0
"renvideur";1
"renvideuse";0
"réparateur";1
"réparatrice";0
"répartiteur";1
"répartitrice";0
"repasseur";1
"repasseuse";0
"reperceur";1
"reperceuse";0
"répétiteur";1
"répétitrice";0
"repiqueur";1
"repiqueuse";0
"répondant";1
"répondante";0
"reporter";1
"reporteur";1
"reporteuse";0
"reportrice";0
"repousseur";1
"repousseuse";0
"représentante";0
"reproducteur";1
"reproductrice";0
"requérant";1
"requérante";0
"résinier";1
"résinière";0
"ressemeleur";1
"ressemeleuse";0
"ressortier";1
"ressortière";0
"restaurateur";1
"restauratrice";0
"restituteur";1
"restitutrice";0
"retailleur";1
"retailleuse";0
"retapeur";1
"retapeuse";0
"retordeur";1
"retordeuse";0
"retoucheur";1
"retoucheuse";0
"retraité";1
"retraitée";0
"réunisseur";1
"réunisseuse";0
"revendeur";1
"revendeuse";0
"révérend";1
"révérende";0
"revêtisseur";1
"revêtisseuse";0
"reviseur";1
"réviseur";1
"reviseuse";0
"réviseuse";0
"rhabilleuse";0
"rhéteur";1
"rhétrice";0
"rhodieur";1
"rhodieuse";0
"rinceur";1
"rinceuse";0
"ripeur";1
"ripeuse";0
"riveur";1
"riveuse";0
"riziculteur";1
"rizicultrice";0
"robinetier";1
"robinetière";0
"roboticien";1
"roboticienne";0
"rodeur";1
"rodeuse";0
"rogneur";1
"rogneuse";0
"roi";1
"rollseur";1
"rollseuse";0
"romancier";1
"romancière";0
"rondier";1
"rondière";0
"rondisseur";1
"rondisseuse";0
"rotinier";1
"rotinière";0
"rôtisseur";1
"rôtisseuse";0
"rotomouleur";1
"rotomouleuse";0
"roulante";0
"rouleur";1
"rouleuse";0
"roulottier";1
"roulottière";0
"routeur";1
"routeuse";0
"rubanier";1
"rubanière";0
"rugbyman";1
"sableur";1
"sableuse";0
"sabotier";1
"sabotière";0
"sabreur";1
"sabreuse";0
"sacochier";1
"sacochière";0
"sacrificateur";1
"sacrificatrice";0
"sacristain";1
"sacristine";0
"safranier";1
"safranière";0
"saigneur";1
"saigneuse";0
"saisonnier";1
"saisonnière";0
"salaisonnier";1
"salaisonnière";0
"salésien";1
"salésienne";0
"saleur";1
"saleuse";0
"saliculteur";1
"salicultrice";0
"salinier";1
"salinière";0
"salmoniculteur";1
"salmonicultrice";0
"salonnier";1
"salonnière";0
"salpêtrier";1
"salpêtrière";0
"sampanier";1
"sampanière";0
"sandalier";1
"sandaliste";0
"santonnier";1
"santonnière";0
"sapeur";1
"sapeuse";0
"satineur";1
"satineuse";0
"saucier";1
"saucière";0
"saunier";1
"saunière";0
"sauveteur";1
"sauveteuse";0
"savant";1
"savante";0
"scaphandrier";1
"scaphandrière";0
"schlitteur";1
"schlitteuse";0
"scieur";1
"scieuse";0
"scrutateur";1
"scrutatrice";0
"sculpteur";1
"sculpteure";0
"sculptrice";0
"sécheur";1
"sécheuse";0
"secoueur";1
"secoueuse";0
"sélectionneur";1
"sélectionneuse";0
"sellier";1
"sellière";0
"semencier";1
"semencière";0
"semoulier";1
"semoulière";0
"sénateur";1
"sénatrice";0
"sénior";1
"séniore";0
"sergent";1
"sergente";0
"sériciculteur";1
"séricultrice";0
"serrurier";1
"serrurière";0
"sertisseur";1
"sertisseuse";0
"servante";0
"serveur";1
"serveuse";0
"shampouineur";1
"shampouineuse";0
"signaleur";1
"signaleuse";0
"significateur";1
"significatrice";0
"siropier";1
"siropière";0
"sismicien";1
"sismicienne";0
"skateur";1
"skateuse";0
"skieur";1
"skieuse";0
"skiffeur";1
"skiffeuse";0
"skippeur";1
"skippeuse";0
"socleur";1
"socleuse";0
"soignant";1
"soignante";0
"soigneur";1
"soigneuse";0
"soldat";1
"soldate";0
"solier";1
"solière";0
"sommelier";1
"sommelière";0
"sondeur";1
"sondeuse";0
"sonneur";1
"sonneuse";0
"sonorisateur";1
"sonorisatrice";0
"sorbonnier";1
"sorbonnière";0
"soudeur";1
"soudeuse";0
"souffleur";1
"souffleuse";0
"sourceur";1
"sourceuse";0
"sourcier";1
"sourcière";0
"sous-traitant";1
"sous-traitante";0
"souscripteur";1
"souscriptrice";0
"soutier";1
"soutière";0
"speaker";1
"sportive";0
"sprayeur";1
"sprayeuse";0
"staffeur";1
"staffeuse";0
"statisticien";1
"statisticienne";0
"stérilisateur";1
"stérilisatrice";0
"steward";1
"stoppeur";1
"stoppeuse";0
"stratifieur";1
"stratifieuse";0
"stripteaseur";1
"stripteaseuse";0
"stucateur";1
"stucatrice";0
"stylicien";1
"stylicienne";0
"substitut";1
"substitute";0
"suiveur";1
"suiveuse";0
"sujette";0
"supérieure";0
"superviseur";1
"superviseure";0
"superviseuse";0
"suppléant";1
"suppléante";0
"supporter";1
"supportrice";0
"surfaceur";1
"surfaceuse";0
"surfeur";1
"surfeuse";0
"surfileur";1
"surfileuse";0
"surjeteur";1
"surjeteuse";0
"surveillant";1
"surveillante";0
"survideur";1
"survideuse";0
"sylviculteur";1
"sylvicultrice";0
"syndic";1
"syndique";0
"synthétiseur";1
"synthétiseuse";0
"tabaculteur";1
"tabacultrice";0
"tableauteur";1
"tableauteuse";0
"tabletier";1
"tabletière";0
"tâcheron";1
"tâcheronne";0
"taillandier";1
"taillandière";0
"taille-doucier";1
"taille-doucière";0
"tailleur";1
"tailleuse";0
"talonneur";1
"talonneuse";0
"tamboureur";1
"tamboureuse";0
"tamisier";1
"tamisière";0
"tanneur";1
"tanneuse";0
"tapisseur";1
"tapisseuse";0
"tapissier";1
"tapissière";0
"taraudeur";1
"taraudeuse";0
"tarifeur";1
"tarifeuse";0
"tarificateur";1
"tarificatrice";0
"tatoueur";1
"tatoueuse";0
"taupier";1
"taupière";0
"taxateur";1
"taxatrice";0
"technicien";1
"technicienne";0
"techniverrier";1
"techniverrière";0
"tecticien";1
"tecticienne";0
"tectonicien";1
"tectonicienne";0
"teinturier";1
"teinturière";0
"téléacteur";1
"téléactrice";0
"télédétecteur";1
"télédétectrice";0
"télématicien";1
"télématicienne";0
"téléprospecteur";1
"téléprospectrice";0
"télévendeur";1
"télévendeuse";0
"telquelleur";1
"telquelleuse";0
"tenancier";1
"tenancière";0
"teneuse";0
"terrassier";1
"terrassière";0
"testeur";1
"testeuse";0
"thanatopracteur";1
"thanatopracteuse";0
"théologien";1
"théologienne";0
"thermicien";1
"thermicienne";0
"tickettier";1
"tickettière";0
"tierceur";1
"tierceuse";0
"timbalier";1
"timbalière";0
"timbreur";1
"timbreuse";0
"timonier";1
"timonière";0
"tireur";1
"tireuse";0
"tiseur";1
"tiseuse";0
"tisserand";1
"tisserande";0
"tisseur";1
"tisseuse";0
"titreur";1
"titreuse";0
"titrier";1
"titrière";0
"toiletteur";1
"toiletteuse";0
"toileur";1
"toileuse";0
"toilier";1
"toilière";0
"tôlier";1
"tôlière";0
"tondeur";1
"tondeuse";0
"tonnelier";1
"tonnelière";0
"tordeur";1
"tordeuse";0
"tordonneur";1
"tordonneuse";0
"torera";0
"torero";1
"torréfacteur";1
"torréfactrice";0
"torsadeur";1
"torsadeuse";0
"toupilleur";1
"toupilleuse";0
"tour opérateur";1
"tour opératrice";0
"tourbier";1
"tourbière";0
"tourier";1
"tourière";0
"tourneur";1
"tourneuse";0
"traceur";1
"traceuse";0
"traducteur";1
"traductrice";0
"tragédien";1
"tragédienne";0
"traiteur";1
"traiteuse";0
"trameur";1
"trameuse";0
"traminot";1
"traminote";0
"trancheur";1
"trancheuse";0
"translaticien";1
"translaticienne";0
"transporteur";1
"transporteuse";0
"trappeur";1
"trappeuse";0
"trappiste";1
"trappistine";0
"travailleur";1
"travailleuse";0
"trayeur";1
"trayeuse";0
"tréfileur";1
"tréfileuse";0
"treillageur";1
"treillageuse";0
"trekkeur";1
"trekkeuse";0
"trempeur";1
"trempeuse";0
"trésorier";1
"trésorière";0
"tresseur";1
"tresseuse";0
"tricoteur";1
"tricoteuse";0
"trieur";1
"trieuse";0
"tripier";1
"tripière";0
"tronçonneur";1
"tronçonneuse";0
"trufficulteur";1
"trufficultrice";0
"truiticulteur";1
"truiticultrice";0
"tueur";1
"tueuse";0
"tuilier";1
"tuilière";0
"turbineur";1
"turbineuse";0
"turbinier";1
"turbinière";0
"tuteur";1
"tutrice";0
"tuyauteur";1
"tuyauteuse";0
"typeur";1
"typeuse";0
"typomonteur";1
"typomonteuse";0
"upérisateur";1
"upérisatrice";0
"usager";1
"usagère";0
"usineur";1
"usineuse";0
"utilisateur";1
"utilisatrice";0
"vacher";1
"vachère";0
"vaisselier";1
"vaisselière";0
"valet";1
"vannier";1
"vannière";0
"vaporisateur";1
"vaporisatrice";0
"varouleur";1
"varouleuse";0
"veilleur";1
"veilleuse";0
"velouteur";1
"velouteuse";0
"veloutier";1
"veloutière";0
"vendangeur";1
"vendangeuse";0
"vendeur";1
"vendeuse";0
"vénériculteur";1
"vénéricultrice";0
"vergetier";1
"vergetière";0
"vérificateur";1
"vérificatrice";0
"vérifieur";1
"vérifieuse";0
"vernisseur";1
"vernisseuse";0
"verrier";1
"verrière";0
"vétéran";1
"vétérane";0
"vidangeur";1
"vidangeuse";0
"videur";1
"videuse";0
"vigneron";1
"vigneronne";0
"vinaigrier";1
"vinaigrière";0
"visiteur";1
"visiteuse";0
"viticulteur";1
"viticultrice";0
"vitrier";1
"vitrière";0
"vitrificateur";1
"vitrificatrice";0
"voilière";0
"voiturier";1
"voiturière";0
"volailler";1
"volaillère";0
"volleyeur";1
"volleyeuse";0
"voltigeur";1
"voltigeuse";0
"voyageur";1
"voyageuse";0
"voyante";0
"vulcanisateur";1
"vulcanisatrice";0
"vulcaniseur";1
"vulcaniseuse";0
"wagonnier";1
"wagonnière";0
"zingueur";1
"zingueuse";0
"zoneur";1
"zoneuse";0
"zootechnicien";1
"zootechnicienne";0
"manifestant";1
"manifestante";0
"champion";1
"championne";0
"réfugié";1
"réfugiée";1
"salarié";1
"salariée";0
"migrant";1
"migrante";0
"mère";0
"père";1
"époux";1
"épouse";0
